MAE,MSE,R2
0.10029620285690925,0.018148457594019417,0.1637914321392021
